{"cameraMode":{"drawMode":0,"name":"Shaded","section":"Shading Mode"},"sceneLighting":true,"audioPlay":false,"sceneViewState":{"m_AlwaysRefresh":true,"showFog":true,"showSkybox":true,"showFlares":true,"showImageEffects":true,"showParticleSystems":true,"showVisualEffectGraphs":true,"m_FxEnabled":true},"in2DMode":false,"pivot":{"x":0.05755329132080078,"y":-0.32158613204956057,"z":2.531540870666504},"rotation":{"x":0.1948377639055252,"y":0.2682725489139557,"z":-0.055500395596027377,"w":0.9418076276779175},"size":2.355161666870117,"orthographic":false}