{"cameraMode":{"drawMode":0,"name":"Shaded","section":"Shading Mode"},"sceneLighting":true,"audioPlay":false,"sceneViewState":{"m_AlwaysRefresh":true,"showFog":true,"showSkybox":true,"showFlares":true,"showImageEffects":true,"showParticleSystems":true,"showVisualEffectGraphs":true,"m_FxEnabled":true},"in2DMode":false,"pivot":{"x":-0.15908336639404298,"y":-1.2724757194519044,"z":2.1821069717407228},"rotation":{"x":0.1948377639055252,"y":0.2682725489139557,"z":-0.055500395596027377,"w":0.9418076276779175},"size":4.745371341705322,"orthographic":false}