{"cameraMode":{"drawMode":0,"name":"Shaded","section":"Shading Mode"},"sceneLighting":true,"audioPlay":false,"sceneViewState":{"m_AlwaysRefresh":true,"showFog":true,"showSkybox":true,"showFlares":true,"showImageEffects":true,"showParticleSystems":true,"showVisualEffectGraphs":true,"m_FxEnabled":true},"in2DMode":false,"pivot":{"x":181.5468292236328,"y":234.91470336914063,"z":292.3753662109375},"rotation":{"x":0.07342993468046189,"y":-0.010471398942172528,"z":0.0007710707723163068,"w":0.997246503829956},"size":410.5202331542969,"orthographic":false}