{"cameraMode":{"drawMode":0,"name":"Shaded","section":"Shading Mode"},"sceneLighting":true,"audioPlay":false,"sceneViewState":{"m_AlwaysRefresh":true,"showFog":true,"showSkybox":true,"showFlares":true,"showImageEffects":true,"showParticleSystems":true,"showVisualEffectGraphs":true,"m_FxEnabled":true},"in2DMode":false,"pivot":{"x":-1.8072891235351563,"y":-0.19252443313598634,"z":3.611307144165039},"rotation":{"x":0.21094925701618195,"y":-0.23344717919826508,"z":0.051958322525024417,"w":0.9477893114089966},"size":4.011619567871094,"orthographic":false}