{"cameraMode":{"drawMode":0,"name":"Shaded","section":"Shading Mode"},"sceneLighting":true,"audioPlay":false,"sceneViewState":{"showFog":true,"showMaterialUpdate":true,"showSkybox":true,"showFlares":true,"showImageEffects":true,"showParticleSystems":true},"in2DMode":false,"pivot":{"x":0.3961198329925537,"y":1.3352590799331666,"z":-1.6668953895568848},"rotation":{"x":0.24051809310913087,"y":-0.02765890210866928,"z":0.006856587715446949,"w":0.9702273011207581},"size":11.308555603027344,"orthographic":false}