{"cameraMode":{"drawMode":0,"name":"Shaded","section":"Shading Mode"},"sceneLighting":true,"audioPlay":false,"sceneViewState":{"showFog":true,"showMaterialUpdate":true,"showSkybox":true,"showFlares":true,"showImageEffects":true,"showParticleSystems":true},"in2DMode":false,"pivot":{"x":1.2353596687316895,"y":5.064757347106934,"z":-5.333940029144287},"rotation":{"x":0.12710849940776826,"y":-0.02677757479250431,"z":0.0034327658358961345,"w":0.9915213584899902},"size":6.065141677856445,"orthographic":false}