{"cameraMode":{"drawMode":0,"name":"Shaded","section":"Shading Mode"},"sceneLighting":true,"audioPlay":false,"sceneViewState":{"showFog":true,"showMaterialUpdate":true,"showSkybox":true,"showFlares":true,"showImageEffects":true,"showParticleSystems":true},"in2DMode":false,"pivot":{"x":1.6822086572647095,"y":3.8681631088256838,"z":-10.292802810668946},"rotation":{"x":0.12561585009098054,"y":-0.02827022597193718,"z":0.003581023309379816,"w":0.9916696548461914},"size":717.7577514648438,"orthographic":false}