{"cameraMode":{"drawMode":0,"name":"Shaded","section":"Shading Mode"},"sceneLighting":true,"audioPlay":false,"sceneViewState":{"showFog":true,"showMaterialUpdate":true,"showSkybox":true,"showFlares":true,"showImageEffects":true,"showParticleSystems":true},"in2DMode":false,"pivot":{"x":-4.4314775466918949,"y":1.075498104095459,"z":-1.3010019063949586},"rotation":{"x":-0.01643281802535057,"y":0.9833350777626038,"z":-0.138383150100708,"w":-0.1167742908000946},"size":4.830399036407471,"orthographic":false}