{"cameraMode":{"drawMode":0,"name":"Shaded","section":"Shading Mode"},"sceneLighting":true,"audioPlay":false,"sceneViewState":{"showFog":true,"showMaterialUpdate":true,"showSkybox":true,"showFlares":true,"showImageEffects":true,"showParticleSystems":true},"in2DMode":false,"pivot":{"x":-0.7413461208343506,"y":0.12137513607740402,"z":-1.907989740371704},"rotation":{"x":-0.01643281802535057,"y":0.9833350777626038,"z":-0.138383150100708,"w":-0.1167742908000946},"size":2.0707905292510988,"orthographic":false}