{"cameraMode":{"drawMode":0,"name":"Shaded","section":"Shading Mode"},"sceneLighting":true,"audioPlay":false,"sceneViewState":{"showFog":true,"showMaterialUpdate":true,"showSkybox":true,"showFlares":true,"showImageEffects":true,"showParticleSystems":true},"in2DMode":false,"pivot":{"x":-0.7273197174072266,"y":1.012040138244629,"z":1.5194950103759766},"rotation":{"x":0.1413467824459076,"y":-0.2922680377960205,"z":0.04372365027666092,"w":0.9448230862617493},"size":1.993382215499878,"orthographic":false}